[
  {
    "question": "Who developed Python?",
    "options": ["Guido van Rossum", "Dennis Ritchie", "James Gosling", "Bjarne Stroustrup"],
    "answer": "Guido van Rossum"
  },
  {
    "question": "What is the correct extension for Python files?",
    "options": [".py", ".python", ".pyt", ".pt"],
    "answer": ".py"
  },
  {
    "question": "Which of the following is used to define a block of code in Python?",
    "options": ["{}", "Indentation", "Begin-End", "Brackets"],
    "answer": "Indentation"
  },
  {
    "question": "Which data type is immutable in Python?",
    "options": ["List", "Set", "Dictionary", "Tuple"],
    "answer": "Tuple"
  },
  {
    "question": "Which keyword is used to define a function in Python?",
    "options": ["func", "define", "def", "function"],
    "answer": "def"
  },
  {
    "question": "What will `print(2 ** 3)` output?",
    "options": ["5", "6", "8", "9"],
    "answer": "8"
  },
  {
    "question": "Which statement is used to exit a loop in Python?",
    "options": ["exit", "break", "stop", "return"],
    "answer": "break"
  },
  {
    "question": "Which of the following is NOT a valid variable name in Python?",
    "options": ["_myVar", "2var", "my_var", "var2"],
    "answer": "2var"
  },
  {
    "question": "What is the output of `bool([])` in Python?",
    "options": ["True", "False", "Error", "None"],
    "answer": "False"
  },
  {
    "question": "Which of the following is used for comments in Python?",
    "options": ["//", "/* */", "#", "--"],
    "answer": "#"
  },
  {
    "question": "What does `len([1,2,3,4])` return?",
    "options": ["3", "4", "5", "Error"],
    "answer": "4"
  },
  {
    "question": "Which of the following methods is used to add an element to a list?",
    "options": ["push()", "append()", "add()", "insert()"],
    "answer": "append()"
  },
  {
    "question": "Which function is used to read user input in Python?",
    "options": ["input()", "read()", "scan()", "get()"],
    "answer": "input()"
  },
  {
    "question": "Which module in Python is used for regular expressions?",
    "options": ["regex", "re", "regexp", "pyregex"],
    "answer": "re"
  },
  {
    "question": "What does the `open()` function return?",
    "options": ["String", "List", "File object", "Boolean"],
    "answer": "File object"
  },
  {
    "question": "Which of the following functions is used to remove the last element from a list?",
    "options": ["remove()", "pop()", "delete()", "discard()"],
    "answer": "pop()"
  },
  {
    "question": "What does `type([])` return?",
    "options": ["tuple", "list", "set", "dict"],
    "answer": "list"
  },
  {
    "question": "Which of the following is NOT a Python keyword?",
    "options": ["if", "while", "switch", "for"],
    "answer": "switch"
  },
  {
    "question": "Which of the following is the correct syntax for a lambda function?",
    "options": ["lambda x: x * 2", "def lambda x: x * 2", "lambda (x): x * 2", "lambda x { x * 2 }"],
    "answer": "lambda x: x * 2"
  },
  {
    "question": "Which of the following collections is unordered?",
    "options": ["List", "Tuple", "Dictionary", "Set"],
    "answer": "Set"
  }
]
