[
  {
    "question": "Who developed C++?",
    "options": ["Dennis Ritchie", "Bjarne Stroustrup", "James Gosling", "Guido van Rossum"],
    "answer": "Bjarne Stroustrup"
  },
  {
    "question": "Which of the following is the correct extension of C++ files?",
    "options": [".c", ".cpp", ".py", ".java"],
    "answer": ".cpp"
  },
  {
    "question": "What is the default access specifier for class members in C++?",
    "options": ["Public", "Private", "Protected", "None"],
    "answer": "Private"
  },
  {
    "question": "Which keyword is used to define a constant variable in C++?",
    "options": ["constant", "final", "const", "var"],
    "answer": "const"
  },
  {
    "question": "Which of the following is not a valid variable type in C++?",
    "options": ["int", "double", "string", "real"],
    "answer": "real"
  },
  {
    "question": "What is used to define a structure in C++?",
    "options": ["struct", "class", "object", "template"],
    "answer": "struct"
  },
  {
    "question": "Which of the following is used to dynamically allocate memory in C++?",
    "options": ["malloc", "alloc", "new", "calloc"],
    "answer": "new"
  },
  {
    "question": "Which operator is used for scope resolution in C++?",
    "options": ["::", "->", ".", ":"],
    "answer": "::"
  },
  {
    "question": "Which feature of C++ allows the function to have the same name but different parameters?",
    "options": ["Function Overriding", "Function Overloading", "Operator Overloading", "Encapsulation"],
    "answer": "Function Overloading"
  },
  {
    "question": "Which of the following concepts allows reusing an existing class?",
    "options": ["Abstraction", "Inheritance", "Polymorphism", "Encapsulation"],
    "answer": "Inheritance"
  },
  {
    "question": "Which keyword is used to create an abstract class in C++?",
    "options": ["abstract", "virtual", "override", "base"],
    "answer": "virtual"
  },
  {
    "question": "What is the output of `sizeof(int)` in most compilers?",
    "options": ["2", "4", "8", "Depends on Compiler"],
    "answer": "Depends on Compiler"
  },
  {
    "question": "Which of the following is used to read input from the console in C++?",
    "options": ["cin", "cout", "printf", "scanf"],
    "answer": "cin"
  },
  {
    "question": "Which operator is used to allocate memory for an object dynamically?",
    "options": ["alloc", "new", "malloc", "memory"],
    "answer": "new"
  },
  {
    "question": "What is the superclass of all classes in C++?",
    "options": ["Object", "Base", "There is no universal superclass", "Main"],
    "answer": "There is no universal superclass"
  },
  {
    "question": "Which header file is required for using `std::vector` in C++?",
    "options": ["<vector>", "<array>", "<iostream>", "<list>"],
    "answer": "<vector>"
  },
  {
    "question": "Which function is called when an object goes out of scope?",
    "options": ["Destructor", "Constructor", "Virtual Function", "Static Function"],
    "answer": "Destructor"
  },
  {
    "question": "What is a pointer in C++?",
    "options": ["A variable that stores memory address", "A reference variable", "A special type of integer", "A function"],
    "answer": "A variable that stores memory address"
  },
  {
    "question": "Which of the following is true about C++?",
    "options": ["C++ is an interpreted language", "C++ is an object-oriented language", "C++ is a purely procedural language", "C++ does not support pointers"],
    "answer": "C++ is an object-oriented language"
  },
  {
    "question": "Which keyword is used to prevent function overriding in derived classes?",
    "options": ["final", "override", "const", "static"],
    "answer": "final"
  }
]
