[
  {
    "question": "Which of the following is an example of an Operating System?",
    "options": ["MS Word", "Windows", "Google Chrome", "Python"],
    "answer": "Windows"
  },
  {
    "question": "Which of the following is NOT an operating system?",
    "options": ["Linux", "Windows", "MacOS", "Oracle"],
    "answer": "Oracle"
  },
  {
    "question": "What is the primary function of an Operating System?",
    "options": ["Process management", "Text editing", "Hardware manufacturing", "Database management"],
    "answer": "Process management"
  },
  {
    "question": "Which type of operating system allows multiple users to access a system simultaneously?",
    "options": ["Single-user OS", "Multi-user OS", "Embedded OS", "Real-time OS"],
    "answer": "Multi-user OS"
  },
  {
    "question": "What is the core of an operating system?",
    "options": ["Shell", "Kernel", "Compiler", "BIOS"],
    "answer": "Kernel"
  },
  {
    "question": "Which of the following is an open-source operating system?",
    "options": ["Windows", "MacOS", "Linux", "iOS"],
    "answer": "Linux"
  },
  {
    "question": "Which of the following operating systems is used in mobile devices?",
    "options": ["Windows", "Linux", "Android", "DOS"],
    "answer": "Android"
  },
  {
    "question": "Which part of the OS manages memory allocation?",
    "options": ["File System", "Kernel", "Device Driver", "Command Line Interface"],
    "answer": "Kernel"
  },
  {
    "question": "Which operating system is developed by Apple?",
    "options": ["Windows", "Linux", "MacOS", "Ubuntu"],
    "answer": "MacOS"
  },
  {
    "question": "What is the function of the 'Task Manager' in Windows OS?",
    "options": ["Managing system updates", "Monitoring running processes", "Deleting files", "Formatting drives"],
    "answer": "Monitoring running processes"
  },
  {
    "question": "Which type of OS responds immediately to user input?",
    "options": ["Batch OS", "Real-time OS", "Multi-user OS", "Time-sharing OS"],
    "answer": "Real-time OS"
  },
  {
    "question": "Which file system is commonly used in Windows OS?",
    "options": ["EXT4", "NTFS", "HFS+", "FAT16"],
    "answer": "NTFS"
  },
  {
    "question": "Which of these operating systems is mainly used for servers?",
    "options": ["Windows XP", "Linux", "MacOS", "Android"],
    "answer": "Linux"
  },
  {
    "question": "Which process scheduling algorithm is also known as 'First Come, First Serve'?",
    "options": ["FCFS", "Round Robin", "Shortest Job First", "Multilevel Queue"],
    "answer": "FCFS"
  },
  {
    "question": "Which memory management technique allows a program to run even if it is not completely loaded into RAM?",
    "options": ["Paging", "Segmentation", "Swapping", "Virtual Memory"],
    "answer": "Virtual Memory"
  },
  {
    "question": "Which of the following is an example of a command-line operating system?",
    "options": ["Windows", "MacOS", "Linux", "DOS"],
    "answer": "DOS"
  },
  {
    "question": "What is the main advantage of a multiprogramming OS?",
    "options": ["Faster execution of a single process", "Efficient CPU utilization", "Simple design", "Better graphics"],
    "answer": "Efficient CPU utilization"
  },
  {
    "question": "Which OS component is responsible for managing input/output operations?",
    "options": ["Process Scheduler", "I/O System Manager", "File Manager", "Memory Manager"],
    "answer": "I/O System Manager"
  },
  {
    "question": "Which Windows OS feature allows multiple desktops?",
    "options": ["Task Manager", "Virtual Desktop", "Control Panel", "Device Manager"],
    "answer": "Virtual Desktop"
  },
  {
    "question": "Which of the following best describes a distributed OS?",
    "options": ["An OS that runs on a single device", "An OS that is used for gaming", "An OS that controls multiple computers in a network", "An OS used for databases"],
    "answer": "An OS that controls multiple computers in a network"
  }
]
