[
  {
    "question": "Which layer in the OSI model is responsible for encryption?",
    "options": ["Network Layer", "Transport Layer", "Application Layer", "Presentation Layer"],
    "answer": "Presentation Layer"
  },
  {
    "question": "What protocol is used for sending emails?",
    "options": ["HTTP", "SMTP", "FTP", "IMAP"],
    "answer": "SMTP"
  },
  {
    "question": "Which network topology has a central node that connects all devices?",
    "options": ["Bus", "Ring", "Star", "Mesh"],
    "answer": "Star"
  },
  {
    "question": "What is the default port for HTTPS?",
    "options": ["80", "8080", "443", "21"],
    "answer": "443"
  },
  {
    "question": "Which of these is a cybersecurity attack?",
    "options": ["DoS", "DNS", "DHCP", "NAT"],
    "answer": "DoS"
  },
  {
    "question": "Which protocol is used for secure data transmission over the internet?",
    "options": ["FTP", "HTTP", "HTTPS", "Telnet"],
    "answer": "HTTPS"
  },
  {
    "question": "What does IP stand for in networking?",
    "options": ["Internet Protocol", "Internal Process", "Interconnected Packets", "Intelligent Path"],
    "answer": "Internet Protocol"
  },
  {
    "question": "Which layer of the OSI model is responsible for routing?",
    "options": ["Transport", "Network", "Session", "Physical"],
    "answer": "Network"
  },
  {
    "question": "What does DNS stand for?",
    "options": ["Domain Network System", "Distributed Name Service", "Domain Name System", "Dynamic Network Service"],
    "answer": "Domain Name System"
  },
  {
    "question": "Which protocol is used to transfer files over the internet?",
    "options": ["SMTP", "FTP", "HTTP", "POP3"],
    "answer": "FTP"
  },
  {
    "question": "Which of the following is a private IP address?",
    "options": ["192.168.1.1", "8.8.8.8", "172.217.16.14", "203.0.113.1"],
    "answer": "192.168.1.1"
  },
  {
    "question": "Which device is used to connect multiple networks together?",
    "options": ["Router", "Switch", "Hub", "Repeater"],
    "answer": "Router"
  },
  {
    "question": "What is the maximum length of an IPv4 address?",
    "options": ["16 bits", "32 bits", "64 bits", "128 bits"],
    "answer": "32 bits"
  },
  {
    "question": "What type of attack involves intercepting communication between two parties?",
    "options": ["Phishing", "Man-in-the-Middle", "Denial of Service", "SQL Injection"],
    "answer": "Man-in-the-Middle"
  },
  {
    "question": "Which network topology has each device connected to every other device?",
    "options": ["Bus", "Ring", "Star", "Mesh"],
    "answer": "Mesh"
  },
  {
    "question": "Which protocol is used for remote access to another computer?",
    "options": ["FTP", "Telnet", "DNS", "SMTP"],
    "answer": "Telnet"
  },
  {
    "question": "Which transport layer protocol is connection-oriented?",
    "options": ["UDP", "IP", "TCP", "ICMP"],
    "answer": "TCP"
  },
  {
    "question": "What does MAC stand for in networking?",
    "options": ["Media Access Control", "Mobile Access Connection", "Master Address Control", "Multi Access Channel"],
    "answer": "Media Access Control"
  },
  {
    "question": "What does VPN stand for?",
    "options": ["Virtual Private Network", "Variable Process Node", "Verified Public Network", "Virtual Packet Notation"],
    "answer": "Virtual Private Network"
  }
]
