[
  {
    "question": "Who is known as the father of Artificial Intelligence?",
    "options": ["Alan Turing", "John McCarthy", "Geoffrey Hinton", "Andrew Ng"],
    "answer": "John McCarthy"
  },
  {
    "question": "What is the primary goal of AI?",
    "options": ["To replace humans", "To create machines that can think and learn", "To solve all world problems", "To make robots"],
    "answer": "To create machines that can think and learn"
  },
  {
    "question": "Which of the following is an example of Weak AI?",
    "options": ["Siri", "Sophia the Robot", "Self-driving cars", "AGI (Artificial General Intelligence)"],
    "answer": "Siri"
  },
  {
    "question": "Which type of AI mimics human intelligence but is not self-aware?",
    "options": ["Reactive Machines", "Limited Memory", "Theory of Mind", "Self-aware AI"],
    "answer": "Limited Memory"
  },
  {
    "question": "Which AI technique is used for teaching machines to learn from past experiences?",
    "options": ["Supervised Learning", "Unsupervised Learning", "Reinforcement Learning", "Deep Learning"],
    "answer": "Reinforcement Learning"
  },
  {
    "question": "Which programming language is widely used in AI development?",
    "options": ["Python", "C++", "Java", "PHP"],
    "answer": "Python"
  },
  {
    "question": "Which AI model is used for natural language processing (NLP)?",
    "options": ["CNN", "RNN", "GAN", "SVM"],
    "answer": "RNN"
  },
  {
    "question": "Which of these is NOT a type of machine learning?",
    "options": ["Supervised Learning", "Unsupervised Learning", "Reinforcement Learning", "Automated Learning"],
    "answer": "Automated Learning"
  },
  {
    "question": "What is an example of an AI-powered application?",
    "options": ["Google Search", "Microsoft Word", "Paint", "Calculator"],
    "answer": "Google Search"
  },
  {
    "question": "What is Deep Learning?",
    "options": ["A subfield of machine learning using neural networks", "A type of programming language", "An advanced AI robot", "An expert system"],
    "answer": "A subfield of machine learning using neural networks"
  },
  {
    "question": "Which company developed the AI model GPT?",
    "options": ["Google", "OpenAI", "Microsoft", "IBM"],
    "answer": "OpenAI"
  },
  {
    "question": "Which AI approach is inspired by the human brain?",
    "options": ["Genetic Algorithms", "Artificial Neural Networks", "Symbolic AI", "Expert Systems"],
    "answer": "Artificial Neural Networks"
  },
  {
    "question": "What is the Turing Test used for?",
    "options": ["Testing AI capabilities", "Measuring human intelligence", "Evaluating AI safety", "Developing neural networks"],
    "answer": "Testing AI capabilities"
  },
  {
    "question": "Which type of AI can perform a specific task but lacks general intelligence?",
    "options": ["Weak AI", "Strong AI", "Artificial General Intelligence", "Super AI"],
    "answer": "Weak AI"
  },
  {
    "question": "Which AI system is used in recommendation engines like Netflix and Amazon?",
    "options": ["Neural Networks", "Decision Trees", "Bayesian Networks", "Collaborative Filtering"],
    "answer": "Collaborative Filtering"
  },
  {
    "question": "Which AI concept involves making decisions based on probabilities?",
    "options": ["Reinforcement Learning", "Fuzzy Logic", "Genetic Algorithms", "Supervised Learning"],
    "answer": "Fuzzy Logic"
  },
  {
    "question": "Which field of AI focuses on enabling machines to understand human language?",
    "options": ["Computer Vision", "Expert Systems", "Natural Language Processing (NLP)", "Reinforcement Learning"],
    "answer": "Natural Language Processing (NLP)"
  },
  {
    "question": "Which component is essential for training deep learning models?",
    "options": ["CPU", "GPU", "Hard Disk", "Cache Memory"],
    "answer": "GPU"
  },
  {
    "question": "What is the full form of NLP in AI?",
    "options": ["Neural Learning Processing", "Natural Language Processing", "Neural Logic Programming", "Network Logic Protocol"],
    "answer": "Natural Language Processing"
  },
  {
    "question": "Which AI algorithm is commonly used for image recognition?",
    "options": ["SVM", "CNN", "Naive Bayes", "KNN"],
    "answer": "CNN"
  }
]
